{
  "hash": "2bc5bac9",
  "configHash": "a380b630",
  "lockfileHash": "8e6a12da",
  "browserHash": "b2261cf9",
  "optimized": {
    "@angular/common": {
      "src": "../../../../../node_modules/@angular/common/fesm2022/common.mjs",
      "file": "@angular_common.js",
      "fileHash": "f8e09872",
      "needsInterop": false
    },
    "@angular/core": {
      "src": "../../../../../node_modules/@angular/core/fesm2022/core.mjs",
      "file": "@angular_core.js",
      "fileHash": "5d14ef60",
      "needsInterop": false
    },
    "@angular/platform-browser": {
      "src": "../../../../../node_modules/@angular/platform-browser/fesm2022/platform-browser.mjs",
      "file": "@angular_platform-browser.js",
      "fileHash": "bae739ef",
      "needsInterop": false
    },
    "@angular/router": {
      "src": "../../../../../node_modules/@angular/router/fesm2022/router.mjs",
      "file": "@angular_router.js",
      "fileHash": "aba50954",
      "needsInterop": false
    }
  },
  "chunks": {
    "chunk-6HXOKRCZ": {
      "file": "chunk-6HXOKRCZ.js"
    },
    "chunk-U2STV35N": {
      "file": "chunk-U2STV35N.js"
    },
    "chunk-O7KAIYEH": {
      "file": "chunk-O7KAIYEH.js"
    }
  }
}